JobTitle,Gender,Age,PerfEval,Education,Dept,Seniority,Salary,Bonus,Require_level,ID_employee
Graphic Designer,Female,18,5,College,Operations,2,42363,9938,Junior,6789
Warehouse Associate,Female,19,4,PhD,Administration,5,90208,9268,medium,6790
IT,Female,20,5,PhD,Operations,4,70890,10126,medium,6791
Graphic Designer,Female,20,5,College,Sales,4,67585,10541,medium,6792
Graphic Designer,Female,33,5,High School,Engineering,5,112976,9836,medium,6793
Sales Associate,Female,35,5,College,Engineering,5,106524,9941,medium,6794
Driver,Female,18,5,College,Management,3,62759,10124,medium,6795
Financial Analyst,Female,19,5,College,Sales,3,84007,8990,medium,6796
Warehouse Associate,Female,30,5,Masters,Administration,5,86220,9583,medium,6797
Warehouse Associate,Female,35,5,PhD,Operations,4,95584,9745,medium,6798
Marketing Associate,Female,27,5,PhD,Management,3,73357,10334,medium,6799
Financial Analyst,Female,23,5,PhD,Administration,5,88422,10768,medium,6800
Warehouse Associate,Female,24,5,College,Administration,5,99545,9949,medium,6801
Data Scientist,Female,30,5,College,Engineering,5,92067,9838,medium,6802
Driver,Female,35,5,College,Management,1,72038,9031,Junior,6803
Graphic Designer,Female,26,5,College,Engineering,2,71182,10015,Junior,6804
IT,Female,38,5,College,Administration,5,112392,10504,medium,6805
Marketing Associate,Female,26,5,PhD,Operations,4,80306,9233,medium,6806
Data Scientist,Female,22,5,High School,Engineering,3,74523,9972,medium,6807
Data Scientist,Female,45,5,PhD,Management,5,113252,10139,medium,6808
IT,Female,33,5,College,Management,4,84638,9409,medium,6809
Data Scientist,Female,21,5,PhD,Operations,3,70643,10033,medium,6810
Graphic Designer,Female,26,5,PhD,Sales,6,74167,10346,senior,6811
IT,Female,22,5,High School,Sales,4,102120,10215,medium,6812
Marketing Associate,Female,35,5,PhD,Engineering,5,97376,9564,medium,6813
Data Scientist,Female,33,5,Masters,Sales,2,89415,9654,Junior,6814
Software Engineer,Female,22,4,Masters,Operations,3,88037,8949,medium,6815
Data Scientist,Female,24,4,College,Administration,4,71105,8623,medium,6816
Driver,Female,31,5,High School,Engineering,2,62692,8886,Junior,6817
Data Scientist,Female,49,5,College,Operations,3,71193,8331,medium,6818
Marketing Associate,Female,20,5,Masters,Administration,6,76286,9479,senior,6819
Warehouse Associate,Female,41,5,College,Operations,2,82453,9564,Junior,6820
Sales Associate,Female,33,5,High School,Engineering,3,83034,8841,medium,6821
Warehouse Associate,Female,53,5,College,Engineering,5,127085,9687,medium,6822
Sales Associate,Female,31,5,College,Management,1,52633,9516,Junior,6823
Warehouse Associate,Female,31,4,PhD,Operations,5,101154,10324,medium,6824
Financial Analyst,Female,42,5,College,Engineering,5,113640,8762,medium,6825
Marketing Associate,Female,23,5,PhD,Administration,3,46263,9432,medium,6826
Warehouse Associate,Female,36,4,College,Management,3,74938,8234,medium,6827
Marketing Associate,Female,39,5,College,Sales,5,103384,9168,medium,6828
Warehouse Associate,Female,39,5,College,Engineering,2,77584,9798,Junior,6829
Warehouse Associate,Female,25,3,Masters,Engineering,6,80192,8747,senior,6830
Data Scientist,Female,32,5,PhD,Engineering,1,46693,8457,Junior,6831
IT,Female,48,5,PhD,Operations,3,88152,8857,medium,6832
Data Scientist,Female,38,5,Masters,Administration,5,127156,9979,medium,6833
Financial Analyst,Female,36,5,Masters,Administration,3,92622,8509,medium,6834
Marketing Associate,Female,34,5,Masters,Engineering,1,51331,9130,Junior,6835
Driver,Female,21,4,Masters,Sales,4,77032,8725,medium,6836
Financial Analyst,Female,47,5,High School,Sales,5,146190,8961,medium,6837
Graphic Designer,Female,22,4,Masters,Administration,4,96045,9129,medium,6838
Marketing Associate,Female,34,5,High School,Sales,6,96061,9093,senior,6839
Warehouse Associate,Female,48,5,College,Management,5,111342,10122,medium,6840
Financial Analyst,Female,43,5,PhD,Management,3,117554,8369,medium,6841
Financial Analyst,Female,30,5,High School,Engineering,5,109369,10052,medium,6842
Warehouse Associate,Female,25,4,Masters,Operations,4,92358,9611,medium,6843
Financial Analyst,Female,21,4,Masters,Operations,4,91978,8647,medium,6844
Marketing Associate,Female,29,4,Masters,Administration,5,89822,8818,medium,6845
Warehouse Associate,Female,51,5,High School,Management,3,87684,8645,medium,6846
Marketing Associate,Female,40,5,Masters,Administration,3,62040,8056,medium,6847
Sales Associate,Female,52,5,Masters,Engineering,2,84132,7204,Junior,6848
Financial Analyst,Female,29,4,Masters,Administration,4,88047,8459,medium,6849
Driver,Female,37,5,Masters,Administration,2,65012,8357,Junior,6850
Marketing Associate,Female,23,4,Masters,Engineering,4,59251,8596,medium,6851
Graphic Designer,Female,18,4,PhD,Operations,3,78462,8743,medium,6852
Driver,Female,18,4,Masters,Administration,2,42722,8515,Junior,6853
Marketing Associate,Female,26,4,College,Management,3,63695,8897,medium,6854
IT,Female,26,5,College,Administration,2,53956,9454,Junior,6855
IT,Female,49,5,College,Management,3,108495,8668,medium,6856
Financial Analyst,Female,27,4,High School,Administration,4,87608,7511,medium,6857
Marketing Associate,Female,44,5,High School,Sales,1,57469,7539,Junior,6858
Driver,Female,24,4,High School,Administration,5,91049,10375,medium,6859
Manager,Female,32,5,PhD,Operations,1,98519,8943,Junior,6860
Marketing Associate,Female,36,4,High School,Operations,5,91713,7627,medium,6861
Warehouse Associate,Female,41,4,Masters,Engineering,3,88994,8873,medium,6862
Financial Analyst,Female,43,5,High School,Sales,6,113180,9089,senior,6863
Software Engineer,Female,28,3,PhD,Engineering,4,103763,8383,medium,6864
Warehouse Associate,Female,19,4,College,Sales,2,64844,9042,Junior,6865
Driver,Female,61,5,PhD,Sales,4,129132,8472,medium,6866
Warehouse Associate,Female,57,5,High School,Engineering,3,93470,8578,medium,6867
Graphic Designer,Female,52,5,College,Administration,1,66529,7067,Junior,6868
Data Scientist,Female,48,5,Masters,Management,1,100115,7679,Junior,6869
Warehouse Associate,Female,57,5,PhD,Administration,2,86423,8058,Junior,6870
Data Scientist,Female,53,5,Masters,Engineering,5,133495,8552,medium,6871
Sales Associate,Female,35,4,PhD,Sales,1,84844,7205,Junior,6872
Graphic Designer,Female,51,5,College,Operations,3,108241,8602,medium,6873
Warehouse Associate,Female,51,5,High School,Sales,3,106478,8744,medium,6874
Marketing Associate,Female,33,5,High School,Operations,2,46903,8130,Junior,6875
Marketing Associate,Female,27,5,High School,Management,1,44325,8867,Junior,6876
Marketing Associate,Female,20,3,PhD,Sales,5,60070,8273,medium,6877
IT,Female,29,4,Masters,Management,3,72542,8109,medium,6878
IT,Female,30,4,Masters,Engineering,6,80981,8201,senior,6879
IT,Female,42,5,College,Operations,2,83499,8950,Junior,6880
Driver,Female,42,4,Masters,Management,4,106788,8974,medium,6881
Warehouse Associate,Female,50,4,Masters,Engineering,5,108922,8477,medium,6882
IT,Female,43,5,PhD,Administration,5,127062,9619,medium,6883
Marketing Associate,Female,33,5,High School,Engineering,1,49830,8543,Junior,6884
Marketing Associate,Female,24,3,Masters,Operations,5,82338,7414,medium,6885
Marketing Associate,Female,37,4,PhD,Administration,3,86036,7567,medium,6886
Financial Analyst,Female,52,5,High School,Engineering,2,100070,7169,Junior,6887
Sales Associate,Female,53,4,Masters,Operations,5,129609,7392,medium,6888
Driver,Female,51,5,College,Operations,1,72827,7285,Junior,6889
Graphic Designer,Female,44,4,High School,Administration,4,100416,7513,medium,6890
Data Scientist,Female,32,4,College,Management,4,78623,9012,medium,6891
Warehouse Associate,Female,63,5,High School,Sales,2,106158,7654,Junior,6892
Graphic Designer,Female,37,4,College,Engineering,4,89411,9522,medium,6893
Marketing Associate,Female,64,5,PhD,Sales,2,95687,7279,Junior,6894
Graphic Designer,Female,39,4,PhD,Operations,5,120294,8090,medium,6895
Financial Analyst,Female,39,5,College,Operations,1,76773,7278,Junior,6896
Data Scientist,Female,37,4,Masters,Engineering,2,98010,8210,Junior,6897
Data Scientist,Female,39,4,PhD,Management,3,91099,8306,medium,6898
Marketing Associate,Female,64,5,PhD,Sales,5,128970,7346,medium,6899
Warehouse Associate,Female,51,4,High School,Management,5,121376,7832,medium,6900
Driver,Female,28,4,High School,Management,1,64008,7185,Junior,6901
Financial Analyst,Female,48,4,Masters,Management,5,129406,7280,medium,6902
IT,Female,34,5,College,Operations,1,54245,8245,Junior,6903
Marketing Associate,Female,27,4,High School,Administration,5,67530,9311,medium,6904
Graphic Designer,Female,31,4,College,Engineering,2,81826,8375,Junior,6905
Software Engineer,Female,27,4,High School,Operations,1,65711,7789,Junior,6906
Driver,Female,41,5,Masters,Administration,1,73801,8317,Junior,6907
Sales Associate,Female,62,5,College,Operations,2,93268,7657,Junior,6908
Graphic Designer,Female,48,4,College,Administration,4,103133,7793,medium,6909
Marketing Associate,Female,20,4,College,Sales,4,69254,8609,medium,6910
Data Scientist,Female,61,5,Masters,Management,2,97000,7757,Junior,6911
Financial Analyst,Female,30,4,High School,Operations,2,40341,7320,Junior,6912
IT,Female,46,5,PhD,Sales,3,102247,8307,medium,6913
Warehouse Associate,Female,37,3,High School,Engineering,5,92722,8010,medium,6914
Sales Associate,Female,51,5,Masters,Management,1,72120,9084,Junior,6915
Warehouse Associate,Female,28,4,Masters,Operations,1,62260,7740,Junior,6916
Data Scientist,Female,29,4,High School,Engineering,3,84021,9111,medium,6917
Warehouse Associate,Female,19,4,High School,Operations,1,37026,8636,Junior,6918
Data Scientist,Female,31,4,High School,Operations,2,55954,7999,Junior,6919
Graphic Designer,Female,58,4,PhD,Sales,3,108820,7776,medium,6920
IT,Female,41,5,High School,Operations,3,100014,8621,medium,6921
Sales Associate,Female,34,3,High School,Sales,4,108288,7491,medium,6922
Financial Analyst,Female,30,4,Masters,Administration,5,114007,9248,medium,6923
Warehouse Associate,Female,47,4,College,Administration,2,94973,7885,Junior,6924
IT,Female,22,4,Masters,Sales,1,37780,8443,Junior,6925
IT,Female,65,5,Masters,Administration,4,121210,7949,medium,6926
Graphic Designer,Female,49,4,PhD,Engineering,2,95169,7415,Junior,6927
Driver,Female,39,4,PhD,Operations,2,75901,7402,Junior,6928
Sales Associate,Female,40,4,Masters,Operations,5,92276,9551,medium,6929
Driver,Female,21,2,College,Engineering,5,92458,6966,medium,6930
Marketing Associate,Female,27,4,High School,Sales,4,87435,9230,medium,6931
Graphic Designer,Female,65,5,High School,Operations,4,130251,7750,medium,6932
Manager,Female,34,3,Masters,Management,2,106560,7257,Junior,6933
Warehouse Associate,Female,34,4,High School,Sales,1,56172,7739,Junior,6934
Marketing Associate,Female,35,4,Masters,Sales,2,58807,7316,Junior,6935
Financial Analyst,Female,49,4,Masters,Sales,4,126626,7144,medium,6936
Manager,Female,24,3,PhD,Sales,3,104202,8456,medium,6937
Driver,Female,52,4,College,Administration,2,78750,6666,Junior,6938
Warehouse Associate,Female,38,3,College,Administration,5,93306,8265,medium,6939
Sales Associate,Female,29,3,PhD,Operations,2,56745,6495,Junior,6940
Data Scientist,Female,29,4,College,Operations,1,59458,7939,Junior,6941
Driver,Female,18,2,Masters,Sales,4,71824,6397,medium,6942
Warehouse Associate,Female,22,2,High School,Sales,5,91568,7139,medium,6943
Marketing Associate,Female,50,5,PhD,Administration,1,81995,7840,Junior,6944
Graphic Designer,Female,27,4,PhD,Sales,1,66125,8465,Junior,6945
Sales Associate,Female,57,5,Masters,Operations,3,98321,8980,medium,6946
Manager,Female,62,4,Masters,Sales,6,155203,7808,senior,6947
Data Scientist,Female,29,3,High School,Management,4,73306,7765,medium,6948
Warehouse Associate,Female,22,3,College,Sales,4,76865,8145,medium,6949
Graphic Designer,Female,59,4,PhD,Management,4,125770,8013,medium,6950
Financial Analyst,Female,36,4,High School,Administration,7,119931,8400,senior,6951
Marketing Associate,Female,55,4,Masters,Operations,1,71794,6685,Junior,6952
Driver,Female,54,4,College,Management,2,87998,7028,Junior,6953
Sales Associate,Female,31,3,High School,Operations,3,77275,7089,medium,6954
Driver,Female,58,4,High School,Sales,5,130720,7246,medium,6955
Software Engineer,Female,41,4,PhD,Sales,1,86675,7947,Junior,6956
Graphic Designer,Female,22,3,College,Operations,2,56954,7550,Junior,6957
Software Engineer,Female,28,3,College,Engineering,5,112491,8727,medium,6958
Marketing Associate,Female,22,4,PhD,Operations,1,36548,8090,Junior,6959
Driver,Female,62,4,PhD,Engineering,1,88781,6413,Junior,6960
Data Scientist,Female,45,3,Masters,Sales,5,129226,6912,medium,6961
Manager,Female,60,4,PhD,Management,3,160614,8354,medium,6962
Sales Associate,Female,28,3,PhD,Sales,3,89570,7411,medium,6963
Marketing Associate,Female,41,4,College,Sales,3,73989,8780,medium,6964
Financial Analyst,Female,35,4,Masters,Management,7,67762,7449,senior,6965
Driver,Female,38,3,Masters,Management,2,77751,6554,Junior,6966
Data Scientist,Female,57,4,High School,Management,1,87150,6814,Junior,6967
Driver,Female,19,2,College,Sales,2,79291,5000,Junior,6968
Driver,Female,31,3,Masters,Engineering,2,57070,6615,Junior,6969
Marketing Associate,Female,49,4,College,Sales,4,102201,7640,medium,6970
Marketing Associate,Female,24,3,PhD,Operations,4,57782,7144,medium,6971
Marketing Associate,Female,38,2,High School,Management,5,71772,5764,medium,6972
Marketing Associate,Female,53,5,College,Administration,1,66438,6935,Junior,6973
Marketing Associate,Female,57,4,College,Operations,3,79674,6993,medium,6974
Marketing Associate,Female,45,3,College,Engineering,4,85161,6682,medium,6975
Warehouse Associate,Female,34,2,PhD,Management,5,114479,6700,medium,6976
Data Scientist,Female,33,3,High School,Administration,3,71946,6386,medium,6977
Marketing Associate,Female,23,3,PhD,Administration,3,62054,6955,medium,6978
Warehouse Associate,Female,24,3,High School,Management,1,64624,8253,Junior,6979
Sales Associate,Female,47,3,College,Administration,4,105410,6363,medium,6980
Warehouse Associate,Female,42,3,Masters,Engineering,1,90005,6631,Junior,6981
Marketing Associate,Female,50,5,High School,Operations,1,70374,7466,Junior,6982
Marketing Associate,Female,49,4,PhD,Operations,5,104355,7555,medium,6983
IT,Female,49,4,College,Engineering,1,75811,5520,Junior,6984
Graphic Designer,Female,22,2,Masters,Operations,4,107025,6577,medium,6985
Data Scientist,Female,20,3,High School,Engineering,1,40056,7632,Junior,6986
IT,Female,45,4,College,Operations,2,70846,7404,Junior,6987
Marketing Associate,Female,34,3,High School,Sales,5,79707,7196,medium,6988
Financial Analyst,Female,20,3,High School,Operations,3,62377,6999,medium,6989
IT,Female,38,4,High School,Sales,2,75932,7003,Junior,6990
Marketing Associate,Female,36,3,PhD,Sales,3,82755,7325,medium,6991
Warehouse Associate,Female,19,2,Masters,Administration,2,78021,6970,Junior,6992
Financial Analyst,Female,46,4,College,Administration,4,116758,7744,medium,6993
Marketing Associate,Female,49,5,High School,Sales,2,96500,8092,Junior,6994
Marketing Associate,Female,34,4,College,Administration,1,49632,7169,Junior,6995
Driver,Female,45,3,PhD,Management,3,76700,7242,medium,6996
Graphic Designer,Female,26,2,Masters,Administration,5,100516,6737,medium,6997
Sales Associate,Female,47,3,College,Engineering,2,84935,6122,Junior,6998
Driver,Female,56,4,PhD,Sales,3,101249,7329,medium,6999
Manager,Female,45,2,High School,Management,5,144146,6340,medium,7000
Marketing Associate,Female,46,4,PhD,Sales,2,69268,7106,Junior,7001
Sales Associate,Female,63,4,PhD,Engineering,3,127561,7552,medium,7002
Marketing Associate,Female,36,3,Masters,Sales,3,77223,5272,medium,7003
Warehouse Associate,Female,41,3,College,Engineering,3,92080,6897,medium,7004
Graphic Designer,Female,55,3,College,Sales,5,118762,6545,medium,7005
Sales Associate,Female,21,2,College,Operations,5,85398,7113,medium,7006
Data Scientist,Female,55,3,Masters,Administration,4,123172,5797,medium,7007
Data Scientist,Female,46,3,College,Administration,3,107476,6182,medium,7008
Marketing Associate,Female,18,3,High School,Engineering,2,34208,6620,Junior,7009
Data Scientist,Female,34,3,PhD,Administration,7,82345,7211,senior,7010
Marketing Associate,Female,24,3,High School,Engineering,3,49303,6615,medium,7011
IT,Female,46,4,High School,Operations,3,98456,7177,medium,7012
Manager,Female,53,4,High School,Operations,3,129885,7314,medium,7013
Financial Analyst,Female,63,4,Masters,Operations,1,97797,5239,Junior,7014
Sales Associate,Female,30,3,High School,Administration,4,91566,6996,medium,7015
Sales Associate,Female,61,3,PhD,Management,4,131608,6537,medium,7016
Financial Analyst,Female,36,3,College,Engineering,2,65750,6177,Junior,7017
Marketing Associate,Female,49,4,Masters,Sales,3,76806,6662,medium,7018
Warehouse Associate,Female,22,1,PhD,Operations,5,114733,6290,medium,7019
Driver,Female,21,1,PhD,Management,4,89170,6722,medium,7020
Driver,Female,52,4,High School,Operations,1,78751,6258,Junior,7021
IT,Female,36,3,PhD,Management,3,75518,6711,medium,7022
Marketing Associate,Female,18,2,Masters,Management,5,75294,6496,medium,7023
Graphic Designer,Female,63,3,College,Management,5,127608,6558,medium,7024
Financial Analyst,Female,43,3,College,Sales,5,116069,6432,medium,7025
Driver,Female,50,3,High School,Engineering,2,86122,6295,Junior,7026
Warehouse Associate,Female,22,2,Masters,Sales,2,68300,5953,Junior,7027
Financial Analyst,Female,50,3,PhD,Operations,2,94590,5327,Junior,7028
Sales Associate,Female,33,2,College,Engineering,4,87418,6430,medium,7029
Graphic Designer,Female,37,2,Masters,Management,3,104082,5477,medium,7030
IT,Female,43,3,Masters,Management,4,94354,7052,medium,7031
Data Scientist,Female,57,4,PhD,Sales,1,90713,6552,Junior,7032
Manager,Female,41,3,PhD,Management,1,113009,6812,Junior,7033
Marketing Associate,Female,55,4,High School,Administration,2,72030,5569,Junior,7034
Driver,Female,20,1,College,Management,3,66203,5627,medium,7035
Driver,Female,34,2,High School,Management,3,67210,5662,medium,7036
Manager,Female,32,2,PhD,Management,2,115383,5878,Junior,7037
Graphic Designer,Female,49,3,PhD,Engineering,4,120697,7205,medium,7038
Data Scientist,Female,49,3,College,Engineering,4,125770,7301,medium,7039
Data Scientist,Female,37,2,College,Sales,5,97846,7198,medium,7040
Sales Associate,Female,24,2,Masters,Management,3,76522,6900,medium,7041
Sales Associate,Female,35,2,College,Management,4,87131,6356,medium,7042
IT,Female,37,3,High School,Sales,2,56656,5914,Junior,7043
IT,Female,42,3,High School,Engineering,2,70157,6016,Junior,7044
Data Scientist,Female,41,2,PhD,Engineering,2,98366,6398,Junior,7045
Data Scientist,Female,33,3,College,Sales,1,73798,6224,Junior,7046
Marketing Associate,Female,52,3,High School,Sales,3,94763,5668,medium,7047
Financial Analyst,Female,23,2,College,Administration,5,101534,6861,medium,7048
Sales Associate,Female,19,1,College,Management,4,90426,5020,medium,7049
IT,Female,62,4,College,Operations,2,99369,6746,Junior,7050
Graphic Designer,Female,40,3,College,Operations,1,55845,6616,Junior,7051
Financial Analyst,Female,26,3,College,Administration,2,48570,6604,Junior,7052
Data Scientist,Female,57,3,Masters,Operations,3,113274,6186,medium,7053
Marketing Associate,Female,46,3,College,Management,3,86241,5814,medium,7054
Driver,Female,55,3,PhD,Operations,2,100433,5090,Junior,7055
Marketing Associate,Female,62,3,PhD,Operations,5,123242,5453,medium,7056
Sales Associate,Female,32,2,PhD,Administration,2,87585,6476,Junior,7057
IT,Female,18,2,Masters,Sales,1,45747,4890,Junior,7058
Marketing Associate,Female,41,3,High School,Administration,2,36972,7058,Junior,7059
Sales Associate,Female,29,3,High School,Management,3,64754,7377,medium,7060
IT,Female,44,2,PhD,Operations,5,132267,5679,medium,7061
Marketing Associate,Female,54,3,PhD,Engineering,5,112507,7460,medium,7062
Marketing Associate,Female,64,4,College,Sales,5,100316,6010,medium,7063
IT,Female,62,4,College,Management,3,111120,6536,medium,7064
Data Scientist,Female,36,3,High School,Operations,3,76523,7122,medium,7065
Driver,Female,50,3,College,Operations,2,91160,5863,Junior,7066
Financial Analyst,Female,18,2,High School,Operations,2,66935,6508,Junior,7067
Data Scientist,Female,55,2,Masters,Sales,5,138365,5359,medium,7068
Marketing Associate,Female,45,2,High School,Management,2,59006,5876,Junior,7069
Marketing Associate,Female,45,3,Masters,Sales,3,74305,7126,medium,7070
Marketing Associate,Female,30,3,Masters,Administration,1,38451,5562,Junior,7071
Graphic Designer,Female,48,1,High School,Operations,5,113465,3846,medium,7072
Sales Associate,Female,27,2,College,Operations,2,66377,5803,Junior,7073
Graphic Designer,Female,20,1,Masters,Operations,4,55569,5236,medium,7074
Manager,Female,25,1,Masters,Management,5,119033,6381,medium,7075
Marketing Associate,Female,65,3,Masters,Administration,5,106315,5618,medium,7076
IT,Female,28,1,PhD,Sales,5,105598,5380,medium,7077
Financial Analyst,Female,23,1,High School,Management,4,78084,5598,medium,7078
Graphic Designer,Female,18,2,College,Administration,1,41603,6092,Junior,7079
Driver,Female,47,2,Masters,Operations,2,78002,5175,Junior,7080
Sales Associate,Female,44,2,High School,Engineering,3,81866,5183,medium,7081
Data Scientist,Female,39,3,Masters,Operations,3,91711,6775,medium,7082
Marketing Associate,Female,50,3,Masters,Sales,5,93805,6044,medium,7083
Marketing Associate,Female,58,3,Masters,Operations,5,109931,5878,medium,7084
Marketing Associate,Female,42,2,College,Administration,5,88365,4668,medium,7085
Warehouse Associate,Female,44,3,High School,Administration,1,79334,6505,Junior,7086
Financial Analyst,Female,58,3,PhD,Engineering,1,98512,4548,Junior,7087
Data Scientist,Female,33,2,High School,Operations,4,78910,5927,medium,7088
Warehouse Associate,Female,42,1,PhD,Operations,5,125574,5688,medium,7089
Warehouse Associate,Female,45,1,High School,Administration,5,106963,5084,medium,7090
IT,Female,26,1,PhD,Sales,5,111770,5345,medium,7091
Marketing Associate,Female,26,2,High School,Operations,3,57672,6476,medium,7092
Graphic Designer,Female,35,2,High School,Engineering,5,97768,7233,medium,7093
Graphic Designer,Female,50,3,Masters,Administration,1,76103,5173,Junior,7094
Warehouse Associate,Female,59,2,College,Management,2,93441,5499,Junior,7095
Data Scientist,Female,55,3,PhD,Administration,1,108366,5108,Junior,7096
Warehouse Associate,Female,55,2,PhD,Administration,3,85453,5135,medium,7097
Data Scientist,Female,48,2,College,Administration,3,79765,5329,medium,7098
Financial Analyst,Female,63,3,PhD,Engineering,3,129683,5754,medium,7099
Financial Analyst,Female,20,1,College,Management,2,76908,4756,Junior,7100
Financial Analyst,Female,53,3,High School,Management,1,93696,5029,Junior,7101
Sales Associate,Female,46,2,Masters,Management,2,83095,5284,Junior,7102
IT,Female,26,2,College,Sales,3,81325,5647,medium,7103
Warehouse Associate,Female,62,2,PhD,Engineering,2,102106,5195,Junior,7104
Graphic Designer,Female,43,1,PhD,Engineering,1,80635,4322,Junior,7105
Marketing Associate,Female,32,2,College,Sales,3,73404,5038,medium,7106
Graphic Designer,Female,57,2,Masters,Sales,5,133741,4925,medium,7107
Manager,Female,28,1,High School,Engineering,4,104329,4962,medium,7108
Sales Associate,Female,34,1,High School,Management,5,102745,6303,medium,7109
Manager,Female,62,4,Masters,Administration,3,146008,6235,medium,7110
Marketing Associate,Female,44,2,PhD,Management,2,68364,4076,Junior,7111
Data Scientist,Female,27,1,High School,Administration,5,96584,5293,medium,7112
Data Scientist,Female,53,2,PhD,Operations,2,102265,4760,Junior,7113
Marketing Associate,Female,33,1,High School,Management,5,81249,4845,medium,7114
IT,Female,56,3,Masters,Management,2,101791,6083,Junior,7115
Marketing Associate,Female,62,4,College,Sales,1,77584,4524,Junior,7116
Driver,Female,36,1,Masters,Administration,3,88175,5004,medium,7117
Data Scientist,Female,21,1,PhD,Engineering,2,65816,6817,Junior,7118
Marketing Associate,Female,28,1,Masters,Engineering,5,73685,4439,medium,7119
IT,Female,27,1,Masters,Administration,2,55560,4449,Junior,7120
Data Scientist,Female,43,2,PhD,Sales,3,106452,5346,medium,7121
Warehouse Associate,Female,47,2,College,Administration,2,87575,4422,Junior,7122
Driver,Female,60,2,PhD,Sales,3,113140,4079,medium,7123
Data Scientist,Female,40,1,Masters,Management,5,100505,4626,medium,7124
IT,Female,60,3,Masters,Management,2,104589,4536,Junior,7125
IT,Female,48,3,High School,Management,1,61081,6337,Junior,7126
Marketing Associate,Female,51,2,High School,Management,2,79237,4453,Junior,7127
Driver,Female,61,2,College,Management,4,108475,4489,medium,7128
Graphic Designer,Female,34,1,College,Management,4,99942,5352,medium,7129
Data Scientist,Female,58,2,PhD,Engineering,2,108296,4708,Junior,7130
IT,Female,62,3,College,Sales,4,126370,6032,medium,7131
Financial Analyst,Female,45,2,Masters,Administration,5,122142,5435,medium,7132
Driver,Female,19,1,High School,Operations,4,75919,5613,medium,7133
IT,Female,47,2,PhD,Administration,3,103416,5536,medium,7134
Driver,Female,63,3,High School,Sales,1,104468,4466,Junior,7135
Sales Associate,Female,57,2,High School,Management,4,117202,5068,medium,7136
Data Scientist,Female,51,1,PhD,Sales,5,139141,4969,medium,7137
Warehouse Associate,Female,58,1,Masters,Management,4,134109,4184,medium,7138
Sales Associate,Female,24,1,High School,Administration,2,66887,5014,Junior,7139
IT,Female,58,2,High School,Sales,4,124847,3100,medium,7140
Financial Analyst,Female,33,2,PhD,Administration,1,50758,5386,Junior,7141
Graphic Designer,Female,34,1,PhD,Operations,3,75316,5861,medium,7142
Graphic Designer,Female,55,2,College,Administration,3,111502,4413,medium,7143
Sales Associate,Female,47,1,PhD,Engineering,4,116642,4621,medium,7144
IT,Female,45,2,PhD,Sales,4,113283,5404,medium,7145
Marketing Associate,Female,48,2,High School,Administration,4,86538,4212,medium,7146
Marketing Associate,Female,62,3,Masters,Engineering,2,77742,5430,Junior,7147
Financial Analyst,Female,54,2,College,Sales,2,114171,3768,Junior,7148
Graphic Designer,Female,63,2,College,Operations,4,106204,4534,medium,7149
Graphic Designer,Female,38,1,High School,Administration,4,111041,3727,medium,7150
Financial Analyst,Female,63,3,College,Sales,2,95795,5723,Junior,7151
Marketing Associate,Female,65,3,High School,Engineering,3,98575,5410,medium,7152
Software Engineer,Female,57,1,College,Engineering,3,117131,2324,medium,7153
Marketing Associate,Female,20,2,College,Administration,2,38613,6079,Junior,7154
Marketing Associate,Female,26,2,College,Operations,1,62866,5114,Junior,7155
Graphic Designer,Female,47,1,High School,Operations,5,108731,4793,medium,7156
Marketing Associate,Female,23,1,High School,Sales,2,47739,4829,Junior,7157
Sales Associate,Female,18,1,Masters,Engineering,1,64920,4967,Junior,7158
Software Engineer,Female,36,1,PhD,Management,1,79177,3661,Junior,7159
Manager,Female,59,2,High School,Management,2,136215,3603,Junior,7160
Marketing Associate,Female,55,3,High School,Administration,1,63327,4066,Junior,7161
Marketing Associate,Female,31,1,High School,Sales,3,52578,5538,medium,7162
Driver,Female,61,2,College,Administration,4,114436,4249,medium,7163
Marketing Associate,Female,56,2,Masters,Sales,4,99543,4442,medium,7164
Sales Associate,Female,41,2,College,Sales,1,60983,5022,Junior,7165
Marketing Associate,Female,23,1,College,Sales,2,55885,3795,Junior,7166
Driver,Female,61,2,PhD,Engineering,2,107064,4202,Junior,7167
Marketing Associate,Female,56,2,High School,Operations,5,107370,4916,medium,7168
Marketing Associate,Female,25,1,High School,Sales,1,39741,4981,Junior,7169
Driver,Female,55,2,High School,Engineering,3,103242,4495,medium,7170
Driver,Female,42,1,Masters,Sales,5,120112,5070,medium,7171
Sales Associate,Female,61,2,High School,Sales,2,83308,3653,Junior,7172
Marketing Associate,Female,26,1,High School,Management,1,36585,4373,Junior,7173
Graphic Designer,Female,59,2,College,Engineering,4,115344,4827,medium,7174
IT,Female,54,2,Masters,Administration,3,96982,4750,medium,7175
Financial Analyst,Female,24,1,High School,Management,4,80030,5481,medium,7176
Financial Analyst,Female,32,1,High School,Administration,4,84047,4683,medium,7177
Data Scientist,Female,53,2,Masters,Engineering,2,84764,4409,Junior,7178
Warehouse Associate,Female,61,1,Masters,Management,3,120277,4617,medium,7179
Marketing Associate,Female,56,2,High School,Sales,3,81661,4965,medium,7180
Manager,Female,45,1,High School,Engineering,5,149893,5120,medium,7181
Sales Associate,Female,60,2,PhD,Engineering,5,130417,4694,medium,7182
Marketing Associate,Female,34,1,College,Engineering,2,38855,4503,Junior,7183
Graphic Designer,Female,49,1,High School,Administration,4,96232,3697,medium,7184
Marketing Associate,Female,48,1,College,Operations,5,86563,4415,medium,7185
Graphic Designer,Female,44,1,Masters,Administration,2,72248,3634,Junior,7186
Data Scientist,Female,56,1,College,Engineering,5,125828,3961,medium,7187
Graphic Designer,Female,45,1,High School,Management,3,75017,5576,medium,7188
Marketing Associate,Female,40,1,Masters,Engineering,4,100415,3871,medium,7189
Manager,Female,57,1,Masters,Operations,3,145095,3889,medium,7190
Data Scientist,Female,63,2,High School,Administration,5,115641,4339,medium,7191
Financial Analyst,Female,48,1,College,Engineering,5,119058,4037,medium,7192
Warehouse Associate,Female,56,1,College,Administration,4,106722,4044,medium,7193
Financial Analyst,Female,41,2,PhD,Operations,3,91129,4825,medium,7194
Financial Analyst,Female,49,2,College,Operations,1,92891,3578,Junior,7195
Data Scientist,Female,58,1,High School,Sales,5,141005,3384,medium,7196
IT,Female,44,1,High School,Sales,5,131411,3084,medium,7197
Sales Associate,Female,61,2,College,Sales,1,96900,4157,Junior,7198
Marketing Associate,Female,56,2,High School,Engineering,3,88820,4289,medium,7199
Marketing Associate,Female,53,1,Masters,Management,4,112489,4237,medium,7200
Marketing Associate,Female,38,1,PhD,Engineering,1,53839,3270,Junior,7201
IT,Female,57,2,High School,Administration,1,64807,3887,Junior,7202
IT,Female,28,1,High School,Management,1,41151,4296,Junior,7203
Financial Analyst,Female,48,1,College,Administration,4,114031,4510,medium,7204
Manager,Female,42,1,High School,Management,2,119893,3721,Junior,7205
Sales Associate,Female,52,1,High School,Sales,3,94154,3964,medium,7206
Marketing Associate,Female,60,1,College,Management,4,114906,4766,medium,7207
Driver,Female,63,1,Masters,Management,4,115981,2661,medium,7208
Marketing Associate,Female,59,1,Masters,Sales,3,93018,2730,medium,7209
Marketing Associate,Female,55,2,College,Sales,2,69928,4811,Junior,7210
Software Engineer,Female,57,2,High School,Engineering,1,104623,3791,Junior,7211
Graphic Designer,Female,33,1,High School,Sales,1,63914,3521,Junior,7212
Graphic Designer,Female,44,1,College,Sales,3,90474,3530,medium,7213
Driver,Female,22,1,High School,Administration,1,60026,4605,Junior,7214
Marketing Associate,Female,41,1,PhD,Management,5,108587,4275,medium,7215
Financial Analyst,Female,61,1,Masters,Engineering,4,139042,2982,medium,7216
Sales Associate,Female,57,1,Masters,Operations,3,101423,3641,medium,7217
Marketing Associate,Female,56,2,High School,Sales,3,95995,4045,medium,7218
IT,Female,47,1,PhD,Operations,3,99472,3943,medium,7219
Manager,Female,55,1,High School,Administration,3,135638,2824,medium,7220
Data Scientist,Female,58,1,PhD,Management,4,121457,4723,medium,7221
Data Scientist,Female,57,1,PhD,Operations,2,114141,3746,Junior,7222
Marketing Associate,Female,64,1,College,Administration,5,107572,3107,medium,7223
Sales Associate,Female,65,2,PhD,Sales,5,142505,4214,medium,7224
Sales Associate,Female,50,1,Masters,Sales,3,106279,3892,medium,7225
Manager,Female,47,1,High School,Management,3,106916,3959,medium,7226
IT,Female,59,1,PhD,Engineering,3,92257,3908,medium,7227
IT,Female,32,2,High School,Engineering,1,59377,5236,Junior,7228
Marketing Associate,Female,38,1,PhD,Engineering,2,76726,4204,Junior,7229
IT,Female,54,1,High School,Engineering,5,112502,3988,medium,7230
Financial Analyst,Female,62,1,High School,Operations,3,101515,2251,medium,7231
Financial Analyst,Female,49,1,PhD,Engineering,1,67089,3078,Junior,7232
Driver,Female,51,1,PhD,Management,2,97789,3536,Junior,7233
Marketing Associate,Female,46,1,College,Administration,1,54945,2991,Junior,7234
Data Scientist,Female,65,1,PhD,Operations,2,121239,3078,Junior,7235
Data Scientist,Female,64,2,High School,Sales,1,87314,3688,Junior,7236
Driver,Female,65,1,PhD,Operations,3,124530,3647,medium,7237
Driver,Female,45,1,College,Sales,2,67150,3255,Junior,7238
Financial Analyst,Female,47,1,College,Operations,2,63300,3655,Junior,7239
Marketing Associate,Female,58,2,High School,Operations,1,60271,3927,Junior,7240
Marketing Associate,Female,53,1,Masters,Operations,1,66028,3745,Junior,7241
Marketing Associate,Female,44,1,High School,Engineering,3,91300,3680,medium,7242
Financial Analyst,Female,54,1,Masters,Operations,2,90999,2963,Junior,7243
Sales Associate,Female,58,1,College,Operations,3,86795,3453,medium,7244
IT,Female,59,1,College,Sales,3,110627,2041,medium,7245
Marketing Associate,Female,52,1,PhD,Sales,3,97696,3888,medium,7246
Marketing Associate,Female,59,1,College,Engineering,1,62738,2656,Junior,7247
IT,Female,53,1,High School,Administration,2,112169,2763,Junior,7248
Marketing Associate,Female,59,1,High School,Operations,3,98796,3042,medium,7249
Financial Analyst,Female,65,1,High School,Administration,2,96665,2645,Junior,7250
Graphic Designer,Female,61,1,Masters,Engineering,1,91030,3318,Junior,7251
IT,Female,65,1,Masters,Administration,1,106945,2041,Junior,7252
Graphic Designer,Female,63,1,College,Administration,2,81545,3418,Junior,7253
Marketing Associate,Female,65,1,Masters,Administration,1,80789,1884,Junior,7254
Marketing Associate,Female,64,1,PhD,Administration,2,85253,2777,Junior,7255
Marketing Associate,Female,61,1,High School,Administration,1,62644,3270,Junior,7256
Software Engineer,Male,21,5,College,Management,5,108476,11128,medium,7257
Software Engineer,Male,20,5,Masters,Sales,4,108080,10154,medium,7258
Graphic Designer,Male,26,5,Masters,Engineering,5,99464,9319,medium,7259
Software Engineer,Male,18,4,PhD,Engineering,5,97523,10240,medium,7260
Graphic Designer,Male,24,5,PhD,Engineering,5,102261,10212,medium,7261
Sales Associate,Male,21,5,High School,Engineering,5,90386,9461,medium,7262
Warehouse Associate,Male,36,5,PhD,Engineering,5,108446,9210,medium,7263
Financial Analyst,Male,24,5,PhD,Sales,3,83323,9329,medium,7264
Warehouse Associate,Male,24,5,PhD,Sales,3,85205,9792,medium,7265
Software Engineer,Male,21,4,PhD,Engineering,5,132823,9625,medium,7266
Software Engineer,Male,19,5,Masters,Administration,4,100305,9618,medium,7267
Graphic Designer,Male,35,5,PhD,Management,3,88566,9469,medium,7268
Warehouse Associate,Male,34,5,PhD,Engineering,4,104271,10177,medium,7269
Software Engineer,Male,20,5,Masters,Management,2,66359,10137,Junior,7270
Sales Associate,Male,35,5,Masters,Management,5,103007,10512,medium,7271
Software Engineer,Male,27,5,PhD,Management,4,96040,10050,medium,7272
Software Engineer,Male,21,5,High School,Management,4,91674,9780,medium,7273
Software Engineer,Male,31,5,High School,Operations,3,92928,9094,medium,7274
IT,Male,19,5,College,Administration,4,78986,9023,medium,7275
Data Scientist,Male,29,5,PhD,Administration,5,96355,9784,medium,7276
Data Scientist,Male,32,5,PhD,Management,3,87121,8703,medium,7277
Software Engineer,Male,31,5,PhD,Sales,2,88724,8949,Junior,7278
Warehouse Associate,Male,22,5,Masters,Engineering,2,58219,9868,Junior,7279
Software Engineer,Male,25,5,Masters,Sales,5,119024,11293,medium,7280
Software Engineer,Male,22,5,Masters,Management,3,81503,9729,medium,7281
Marketing Associate,Male,21,5,College,Management,5,86886,9424,medium,7282
Sales Associate,Male,18,4,Masters,Operations,5,90780,9353,medium,7283
Software Engineer,Male,18,4,Masters,Operations,4,89474,9104,medium,7284
Software Engineer,Male,40,5,PhD,Management,4,112466,9493,medium,7285
Financial Analyst,Male,18,5,PhD,Engineering,4,97328,9874,medium,7286
Graphic Designer,Male,34,5,Masters,Management,3,86766,9841,medium,7287
Software Engineer,Male,19,5,PhD,Administration,3,88814,10153,medium,7288
Driver,Male,31,5,College,Management,4,82832,9958,medium,7289
Sales Associate,Male,24,5,High School,Administration,1,66168,9242,Junior,7290
Data Scientist,Male,18,5,PhD,Administration,4,59212,10209,medium,7291
Data Scientist,Male,18,5,High School,Operations,2,55189,9405,Junior,7292
Manager,Male,25,5,College,Engineering,5,131311,11067,medium,7293
Data Scientist,Male,22,4,High School,Management,2,50401,8590,Junior,7294
Graphic Designer,Male,23,5,Masters,Management,3,83031,10240,medium,7295
Financial Analyst,Male,29,5,Masters,Engineering,5,111019,10042,medium,7296
Warehouse Associate,Male,21,5,PhD,Management,1,48755,9931,Junior,7297
Warehouse Associate,Male,28,5,High School,Engineering,2,59044,9368,Junior,7298
Manager,Male,29,4,PhD,Engineering,5,146615,10173,medium,7299
Graphic Designer,Male,31,5,PhD,Engineering,1,69462,8872,Junior,7300
Manager,Male,19,4,PhD,Sales,5,119162,9395,medium,7301
Software Engineer,Male,26,5,PhD,Operations,2,68466,8384,Junior,7302
Warehouse Associate,Male,49,5,High School,Sales,4,109419,8375,medium,7303
Software Engineer,Male,18,5,College,Operations,3,80355,9945,medium,7304
Software Engineer,Male,29,5,High School,Management,1,82534,8914,Junior,7305
IT,Male,55,5,College,Management,5,127769,8802,medium,7306
Sales Associate,Male,28,5,PhD,Administration,1,52290,9330,Junior,7307
IT,Male,18,5,High School,Engineering,1,47036,9130,Junior,7308
Warehouse Associate,Male,46,5,PhD,Sales,1,76517,8502,Junior,7309
Driver,Male,32,4,PhD,Engineering,4,90368,8215,medium,7310
Financial Analyst,Male,26,5,College,Engineering,4,106194,9421,medium,7311
Driver,Male,40,5,College,Management,2,97414,8833,Junior,7312
Data Scientist,Male,51,5,PhD,Operations,4,110731,8643,medium,7313
Software Engineer,Male,54,5,PhD,Administration,4,125572,8245,medium,7314
Driver,Male,49,5,Masters,Operations,2,72754,8014,Junior,7315
Sales Associate,Male,58,5,High School,Engineering,5,135013,8972,medium,7316
Data Scientist,Male,38,5,College,Administration,5,101173,9255,medium,7317
IT,Male,53,5,PhD,Management,5,126828,9310,medium,7318
Financial Analyst,Male,49,5,High School,Engineering,4,102716,8290,medium,7319
Marketing Associate,Male,26,4,High School,Engineering,5,77793,8700,medium,7320
Graphic Designer,Male,33,5,Masters,Management,3,83758,8498,medium,7321
Graphic Designer,Male,22,5,PhD,Administration,1,40187,8549,Junior,7322
Financial Analyst,Male,41,5,Masters,Engineering,3,98531,6855,medium,7323
Financial Analyst,Male,26,4,College,Operations,4,104435,7802,medium,7324
Data Scientist,Male,29,5,High School,Administration,1,67617,9075,Junior,7325
Financial Analyst,Male,44,5,Masters,Administration,4,119381,9345,medium,7326
Warehouse Associate,Male,48,5,PhD,Management,2,68639,9553,Junior,7327
Software Engineer,Male,40,5,College,Management,1,68295,7902,Junior,7328
Manager,Male,21,4,High School,Engineering,3,103107,9036,medium,7329
Data Scientist,Male,28,4,Masters,Administration,5,97625,7985,medium,7330
Sales Associate,Male,30,4,Masters,Sales,5,115165,8841,medium,7331
Marketing Associate,Male,47,5,Masters,Operations,3,86516,8049,medium,7332
IT,Male,18,4,Masters,Administration,4,69855,8347,medium,7333
Financial Analyst,Male,38,4,College,Management,5,114421,7444,medium,7334
Software Engineer,Male,24,4,Masters,Management,1,79208,8602,Junior,7335
Software Engineer,Male,49,5,Masters,Administration,5,142105,9653,medium,7336
Sales Associate,Male,22,5,High School,Administration,1,57783,9306,Junior,7337
Financial Analyst,Male,36,5,Masters,Operations,1,71858,7475,Junior,7338
Driver,Male,39,5,High School,Engineering,4,100183,8832,medium,7339
Graphic Designer,Male,19,4,Masters,Sales,1,61000,8872,Junior,7340
Software Engineer,Male,59,5,Masters,Engineering,1,109623,6897,Junior,7341
Driver,Male,54,5,PhD,Administration,4,110049,8928,medium,7342
Software Engineer,Male,64,5,College,Sales,4,120593,7573,medium,7343
Manager,Male,23,4,PhD,Administration,1,90685,8816,Junior,7344
Software Engineer,Male,39,4,High School,Sales,4,106896,7918,medium,7345
Sales Associate,Male,58,5,PhD,Sales,2,129425,7524,Junior,7346
Graphic Designer,Male,53,5,High School,Operations,6,93073,8188,senior,7347
Software Engineer,Male,33,5,PhD,Administration,2,87352,8435,Junior,7348
Software Engineer,Male,56,5,PhD,Administration,5,139760,9229,medium,7349
Warehouse Associate,Male,40,5,Masters,Sales,4,102815,9090,medium,7350
Software Engineer,Male,43,4,PhD,Management,5,101262,7794,medium,7351
Data Scientist,Male,19,5,High School,Operations,2,58054,9585,Junior,7352
Sales Associate,Male,44,5,Masters,Administration,2,100091,9185,Junior,7353
Manager,Male,23,4,Masters,Sales,3,103479,7850,medium,7354
IT,Male,20,4,PhD,Engineering,2,74073,8509,Junior,7355
Financial Analyst,Male,47,5,College,Administration,2,64852,8023,Junior,7356
Graphic Designer,Male,49,5,College,Management,4,106887,8347,medium,7357
Software Engineer,Male,26,4,College,Administration,2,77309,7957,Junior,7358
Software Engineer,Male,18,3,Masters,Engineering,2,88482,7385,Junior,7359
Sales Associate,Male,18,4,High School,Management,4,80135,9007,medium,7360
Graphic Designer,Male,22,4,Masters,Sales,2,57398,7827,Junior,7361
Manager,Male,20,4,College,Sales,2,107140,8199,Junior,7362
Financial Analyst,Male,29,4,High School,Management,4,89559,8338,medium,7363
Software Engineer,Male,58,5,High School,Management,8,120156,7200,senior,7364
Driver,Male,38,5,PhD,Engineering,4,102966,8978,medium,7365
Financial Analyst,Male,53,5,Masters,Administration,3,112941,7404,medium,7366
Graphic Designer,Male,46,5,High School,Engineering,4,102736,9736,medium,7367
IT,Male,52,5,Masters,Engineering,1,90024,7350,Junior,7368
Graphic Designer,Male,18,4,High School,Sales,4,75506,9289,medium,7369
Sales Associate,Male,29,3,Masters,Management,2,61164,6346,Junior,7370
Manager,Male,62,5,College,Administration,7,157410,7840,senior,7371
Graphic Designer,Male,23,4,High School,Operations,1,50601,7351,Junior,7372
Data Scientist,Male,29,4,High School,Engineering,3,65907,7668,medium,7373
Data Scientist,Male,38,5,High School,Sales,2,80937,8335,Junior,7374
Driver,Male,34,4,College,Administration,5,90330,7022,medium,7375
IT,Male,40,4,College,Administration,5,109345,7791,medium,7376
Software Engineer,Male,27,4,Masters,Engineering,1,66084,7769,Junior,7377
Financial Analyst,Male,35,4,PhD,Operations,5,98900,7960,medium,7378
IT,Male,19,4,College,Engineering,3,78113,9335,medium,7379
Software Engineer,Male,36,4,Masters,Engineering,5,130826,9694,medium,7380
Sales Associate,Male,23,3,High School,Engineering,3,85928,7229,medium,7381
IT,Male,43,5,College,Operations,4,98515,9090,medium,7382
Graphic Designer,Male,27,4,College,Sales,5,114680,8472,medium,7383
Driver,Male,25,3,PhD,Engineering,5,92687,7634,medium,7384
Graphic Designer,Male,21,3,Masters,Engineering,4,72301,8391,medium,7385
Financial Analyst,Male,24,4,Masters,Administration,1,67749,8517,Junior,7386
Manager,Male,52,5,High School,Operations,2,104526,7253,Junior,7387
Data Scientist,Male,26,4,High School,Management,3,80494,8449,medium,7388
Software Engineer,Male,29,4,High School,Engineering,1,74316,8761,Junior,7389
Driver,Male,49,4,College,Sales,5,104657,6839,medium,7390
Manager,Male,45,5,High School,Engineering,3,123422,8894,medium,7391
Warehouse Associate,Male,48,5,College,Sales,1,62097,7075,Junior,7392
Data Scientist,Male,53,5,High School,Management,2,102910,8335,Junior,7393
Driver,Male,18,3,PhD,Operations,3,56318,8407,medium,7394
IT,Male,28,4,High School,Operations,3,64958,7910,medium,7395
Driver,Male,36,4,PhD,Operations,3,88213,8581,medium,7396
Driver,Male,56,5,Masters,Sales,5,100859,8388,medium,7397
Warehouse Associate,Male,37,4,High School,Management,3,83025,8105,medium,7398
IT,Male,28,4,High School,Administration,5,95964,9147,medium,7399
Graphic Designer,Male,44,4,High School,Sales,4,102108,8339,medium,7400
Data Scientist,Male,24,4,Masters,Sales,2,60736,7873,Junior,7401
IT,Male,47,5,PhD,Operations,1,82126,6971,Junior,7402
Financial Analyst,Male,33,5,Masters,Operations,1,69878,8389,Junior,7403
Graphic Designer,Male,57,4,Masters,Management,4,132873,7266,medium,7404
Financial Analyst,Male,20,4,High School,Operations,2,65164,7827,Junior,7405
Sales Associate,Male,19,3,PhD,Management,4,94492,8209,medium,7406
Sales Associate,Male,33,3,Masters,Operations,5,100463,6332,medium,7407
Graphic Designer,Male,46,4,High School,Administration,4,88571,7464,medium,7408
Financial Analyst,Male,39,4,PhD,Management,3,87409,7168,medium,7409
Warehouse Associate,Male,58,5,College,Sales,4,133927,8278,medium,7410
Manager,Male,33,4,Masters,Sales,1,90482,7094,Junior,7411
Software Engineer,Male,56,5,College,Operations,3,107366,7774,medium,7412
Warehouse Associate,Male,39,4,PhD,Operations,3,77793,8093,medium,7413
Warehouse Associate,Male,45,4,High School,Operations,2,84930,6914,Junior,7414
Driver,Male,32,3,Masters,Engineering,2,69367,6378,Junior,7415
Graphic Designer,Male,65,5,Masters,Operations,5,116751,8505,medium,7416
Software Engineer,Male,52,4,Masters,Administration,5,139841,7641,medium,7417
Financial Analyst,Male,19,4,Masters,Operations,2,60892,8462,Junior,7418
Graphic Designer,Male,20,2,Masters,Engineering,6,99543,6111,senior,7419
Software Engineer,Male,64,5,High School,Operations,2,111903,6824,Junior,7420
IT,Male,55,5,College,Sales,3,104361,7813,medium,7421
Software Engineer,Male,59,4,Masters,Engineering,4,155834,7101,medium,7422
Financial Analyst,Male,30,5,Masters,Sales,1,83620,7864,Junior,7423
Driver,Male,27,3,College,Engineering,5,89678,7778,medium,7424
Manager,Male,48,4,College,Management,1,109346,7730,Junior,7425
IT,Male,64,5,PhD,Management,2,98100,7460,Junior,7426
Driver,Male,40,5,College,Engineering,2,68797,7817,Junior,7427
Financial Analyst,Male,58,4,College,Management,4,120154,6751,medium,7428
Software Engineer,Male,63,4,High School,Administration,5,140445,7905,medium,7429
Warehouse Associate,Male,18,2,College,Administration,5,85306,7735,medium,7430
Manager,Male,48,4,PhD,Sales,4,143887,7622,medium,7431
IT,Male,63,5,Masters,Operations,5,133472,8688,medium,7432
Data Scientist,Male,23,3,Masters,Administration,1,62753,7242,Junior,7433
Sales Associate,Male,63,5,PhD,Operations,4,128173,8360,medium,7434
Software Engineer,Male,65,4,High School,Management,5,157852,6669,medium,7435
Financial Analyst,Male,51,4,PhD,Operations,4,113730,6578,medium,7436
Driver,Male,57,5,College,Management,1,68403,6893,Junior,7437
Manager,Male,59,4,PhD,Sales,5,176789,6773,medium,7438
Graphic Designer,Male,24,3,College,Engineering,2,59399,6692,Junior,7439
Sales Associate,Male,61,5,PhD,Management,1,102473,8468,Junior,7440
Financial Analyst,Male,35,4,College,Administration,4,90307,7663,medium,7441
Graphic Designer,Male,55,5,Masters,Engineering,1,79144,8328,Junior,7442
Manager,Male,62,5,PhD,Engineering,3,150467,8100,medium,7443
Driver,Male,37,4,College,Engineering,3,70088,8244,medium,7444
Manager,Male,32,3,High School,Operations,4,117629,6291,medium,7445
Sales Associate,Male,28,3,Masters,Administration,5,118653,7036,medium,7446
Software Engineer,Male,65,5,Masters,Sales,1,134758,7500,Junior,7447
Warehouse Associate,Male,46,3,High School,Operations,4,87134,6184,medium,7448
Marketing Associate,Male,25,3,College,Operations,4,65547,6530,medium,7449
Financial Analyst,Male,64,5,High School,Operations,3,96777,7736,medium,7450
Software Engineer,Male,26,3,High School,Sales,2,61527,6345,Junior,7451
Driver,Male,49,4,Masters,Administration,6,118629,6740,senior,7452
Data Scientist,Male,19,2,PhD,Management,5,80171,6454,medium,7453
Software Engineer,Male,36,4,PhD,Management,3,112134,8587,medium,7454
Manager,Male,21,2,College,Administration,5,121682,7189,medium,7455
Sales Associate,Male,48,3,Masters,Engineering,5,113544,6839,medium,7456
Financial Analyst,Male,20,3,PhD,Operations,3,78564,7875,medium,7457
Financial Analyst,Male,47,5,College,Operations,3,91905,7614,medium,7458
Financial Analyst,Male,60,5,High School,Engineering,4,121728,7932,medium,7459
Marketing Associate,Male,27,4,College,Management,1,54817,6519,Junior,7460
Sales Associate,Male,20,3,College,Operations,1,37898,6448,Junior,7461
IT,Male,59,5,PhD,Operations,1,79544,6760,Junior,7462
Software Engineer,Male,59,4,High School,Operations,4,124817,7268,medium,7463
Manager,Male,53,4,College,Management,1,123114,6946,Junior,7464
Data Scientist,Male,28,3,Masters,Sales,3,82850,5794,medium,7465
Manager,Male,43,3,PhD,Management,2,121949,6739,Junior,7466
Data Scientist,Male,45,3,PhD,Administration,5,122037,8147,medium,7467
IT,Male,18,4,PhD,Sales,1,56309,7559,Junior,7468
Financial Analyst,Male,59,5,PhD,Management,1,90002,8123,Junior,7469
IT,Male,34,3,College,Sales,4,91066,6257,medium,7470
Manager,Male,32,3,Masters,Management,5,118088,7721,medium,7471
Software Engineer,Male,29,3,Masters,Operations,2,92099,7246,Junior,7472
Manager,Male,48,3,College,Management,5,138851,6929,medium,7473
IT,Male,58,4,College,Management,5,131275,6997,medium,7474
Manager,Male,21,2,PhD,Operations,3,89648,6573,medium,7475
Manager,Male,20,2,PhD,Operations,4,112854,6564,medium,7476
Software Engineer,Male,60,4,Masters,Sales,6,155676,6586,senior,7477
Driver,Male,57,4,College,Sales,4,135781,6042,medium,7478
Warehouse Associate,Male,31,4,High School,Engineering,2,66407,7522,Junior,7479
Manager,Male,57,4,Masters,Administration,4,143189,6321,medium,7480
Graphic Designer,Male,63,5,PhD,Engineering,1,105800,7822,Junior,7481
Software Engineer,Male,63,5,College,Operations,2,124871,7327,Junior,7482
Data Scientist,Male,23,3,High School,Sales,3,83894,6922,medium,7483
Sales Associate,Male,63,5,High School,Sales,1,85948,7646,Junior,7484
Software Engineer,Male,20,2,PhD,Engineering,4,92289,6643,medium,7485
Financial Analyst,Male,45,4,High School,Operations,2,75397,6490,Junior,7486
Software Engineer,Male,65,4,High School,Engineering,1,102597,5937,Junior,7487
Warehouse Associate,Male,26,3,High School,Sales,3,72945,7279,medium,7488
Software Engineer,Male,60,3,PhD,Management,5,145632,6439,medium,7489
Manager,Male,63,5,Masters,Operations,1,130093,6416,Junior,7490
Marketing Associate,Male,33,3,PhD,Administration,2,53220,5153,Junior,7491
Data Scientist,Male,31,3,College,Operations,1,75227,6027,Junior,7492
Data Scientist,Male,41,3,Masters,Administration,4,104314,6611,medium,7493
Manager,Male,27,3,High School,Operations,1,83262,6884,Junior,7494
Data Scientist,Male,41,4,PhD,Administration,1,67040,7412,Junior,7495
Warehouse Associate,Male,33,3,College,Administration,1,77655,6581,Junior,7496
Software Engineer,Male,45,4,Masters,Operations,2,89811,6471,Junior,7497
Graphic Designer,Male,47,3,College,Administration,5,106893,7958,medium,7498
Software Engineer,Male,58,4,Masters,Engineering,5,154039,7304,medium,7499
Warehouse Associate,Male,64,4,High School,Operations,3,116774,6160,medium,7500
Software Engineer,Male,40,2,High School,Management,2,98281,5646,Junior,7501
Software Engineer,Male,42,3,Masters,Engineering,5,121821,6499,medium,7502
Software Engineer,Male,30,2,Masters,Engineering,5,113122,6060,medium,7503
Software Engineer,Male,39,4,PhD,Management,1,92154,7642,Junior,7504
Manager,Male,31,3,PhD,Engineering,2,110643,7291,Junior,7505
Data Scientist,Male,32,3,PhD,Sales,4,103908,8109,medium,7506
Warehouse Associate,Male,49,3,PhD,Operations,4,94927,6274,medium,7507
Software Engineer,Male,30,2,College,Administration,5,76654,6696,medium,7508
Manager,Male,46,4,Masters,Sales,7,107859,6989,senior,7509
Graphic Designer,Male,62,5,Masters,Sales,1,85702,6556,Junior,7510
Manager,Male,18,1,Masters,Management,5,115567,4775,medium,7511
Sales Associate,Male,58,4,PhD,Administration,3,118888,7438,medium,7512
Graphic Designer,Male,55,4,College,Sales,2,75833,6942,Junior,7513
Graphic Designer,Male,65,4,College,Management,4,123371,6931,medium,7514
Warehouse Associate,Male,38,3,College,Management,3,83774,7127,medium,7515
Financial Analyst,Male,22,3,PhD,Administration,2,69320,6765,Junior,7516
Sales Associate,Male,51,3,PhD,Operations,4,110746,5947,medium,7517
Graphic Designer,Male,61,4,Masters,Engineering,2,105632,6394,Junior,7518
Manager,Male,62,4,PhD,Engineering,1,117648,4765,Junior,7519
Sales Associate,Male,28,3,College,Management,3,85986,8160,medium,7520
Financial Analyst,Male,32,4,Masters,Sales,3,78132,8035,medium,7521
Manager,Male,57,4,Masters,Operations,3,135073,6898,medium,7522
Software Engineer,Male,64,5,High School,Sales,2,118231,7440,Junior,7523
Data Scientist,Male,58,5,High School,Operations,1,86651,7250,Junior,7524
Data Scientist,Male,44,3,Masters,Management,3,114693,6832,medium,7525
Financial Analyst,Male,39,3,Masters,Engineering,4,116875,5479,medium,7526
IT,Male,23,4,PhD,Administration,1,64468,8113,Junior,7527
Marketing Associate,Male,40,2,PhD,Sales,5,116834,5516,medium,7528
Warehouse Associate,Male,23,2,College,Management,4,81988,7160,medium,7529
Manager,Male,60,4,College,Sales,2,148178,6777,Junior,7530
Warehouse Associate,Male,25,3,College,Administration,1,68384,7443,Junior,7531
Manager,Male,48,3,PhD,Operations,1,106056,4161,Junior,7532
Software Engineer,Male,35,2,Masters,Management,3,110886,6228,medium,7533
Warehouse Associate,Male,53,3,PhD,Engineering,5,128669,6866,medium,7534
Financial Analyst,Male,40,3,PhD,Sales,3,88725,6243,medium,7535
Manager,Male,56,3,Masters,Engineering,4,149771,5495,medium,7536
Financial Analyst,Male,45,4,Masters,Management,2,98535,8001,Junior,7537
IT,Male,33,3,College,Management,3,88749,7433,medium,7538
Graphic Designer,Male,49,3,Masters,Operations,5,126100,6336,medium,7539
Manager,Male,23,3,College,Sales,3,110594,6753,medium,7540
Manager,Male,60,4,College,Management,3,157644,7213,medium,7541
Financial Analyst,Male,20,2,PhD,Engineering,4,105601,5943,medium,7542
Financial Analyst,Male,56,4,High School,Engineering,3,100769,6453,medium,7543
Warehouse Associate,Male,38,3,High School,Administration,8,82244,6020,senior,7544
Graphic Designer,Male,29,3,PhD,Operations,2,70311,6235,Junior,7545
Warehouse Associate,Male,33,1,College,Engineering,5,100465,5520,medium,7546
Software Engineer,Male,30,2,College,Administration,4,83264,6251,medium,7547
Warehouse Associate,Male,61,3,PhD,Engineering,4,126375,6630,medium,7548
Driver,Male,25,3,College,Engineering,1,43076,5829,Junior,7549
Driver,Male,42,3,PhD,Operations,4,111726,5989,medium,7550
Sales Associate,Male,55,4,College,Administration,3,112188,6689,medium,7551
Data Scientist,Male,35,2,College,Operations,5,98959,6572,medium,7552
IT,Male,40,3,College,Administration,3,77881,5569,medium,7553
IT,Male,36,3,Masters,Engineering,2,65225,6462,Junior,7554
Driver,Male,30,4,Masters,Operations,1,78472,8439,Junior,7555
Financial Analyst,Male,58,4,College,Operations,4,126269,6490,medium,7556
Warehouse Associate,Male,61,3,High School,Management,3,106233,5792,medium,7557
Manager,Male,59,4,College,Engineering,2,127013,6124,Junior,7558
Software Engineer,Male,53,3,High School,Management,3,106146,6618,medium,7559
Manager,Male,22,2,Masters,Operations,4,90736,6219,medium,7560
Graphic Designer,Male,44,3,PhD,Sales,1,66611,5924,Junior,7561
Manager,Male,57,3,PhD,Operations,5,150914,5982,medium,7562
Graphic Designer,Male,30,2,Masters,Management,4,70559,6497,medium,7563
Graphic Designer,Male,22,2,High School,Sales,3,69734,5383,medium,7564
Graphic Designer,Male,23,1,PhD,Management,5,91504,5136,medium,7565
Manager,Male,20,2,Masters,Operations,3,100183,6363,medium,7566
Data Scientist,Male,56,3,Masters,Engineering,3,98165,5470,medium,7567
Software Engineer,Male,23,2,Masters,Engineering,3,95754,6596,medium,7568
Data Scientist,Male,27,2,College,Engineering,1,57915,4584,Junior,7569
Manager,Male,53,4,College,Sales,2,121506,6122,Junior,7570
Manager,Male,37,3,Masters,Management,1,121151,5934,Junior,7571
Data Scientist,Male,40,2,Masters,Management,2,87682,4152,Junior,7572
Software Engineer,Male,42,2,College,Administration,3,114029,6842,medium,7573
IT,Male,43,3,College,Management,1,67323,4680,Junior,7574
Data Scientist,Male,28,3,High School,Management,2,68049,6660,Junior,7575
IT,Male,39,3,High School,Engineering,4,93335,5243,medium,7576
Driver,Male,53,3,PhD,Administration,3,111043,5838,medium,7577
Warehouse Associate,Male,25,2,Masters,Engineering,1,58130,6327,Junior,7578
IT,Male,27,3,PhD,Operations,3,90542,7554,medium,7579
Manager,Male,40,2,College,Administration,2,124891,5436,Junior,7580
Software Engineer,Male,63,3,PhD,Engineering,2,134757,5944,Junior,7581
Manager,Male,42,3,College,Sales,4,125339,6019,medium,7582
Manager,Male,28,3,College,Sales,2,105795,6179,Junior,7583
Sales Associate,Male,19,1,PhD,Management,3,75238,5308,medium,7584
Software Engineer,Male,42,2,College,Management,1,103978,5146,Junior,7585
IT,Male,65,4,Masters,Sales,6,165229,6506,senior,7586
Warehouse Associate,Male,54,2,Masters,Engineering,4,118322,5224,medium,7587
Graphic Designer,Male,39,2,Masters,Operations,5,106883,5831,medium,7588
Manager,Male,30,1,PhD,Engineering,4,125164,5888,medium,7589
Software Engineer,Male,53,4,High School,Operations,1,89225,5751,Junior,7590
Driver,Male,63,4,High School,Sales,2,101716,5881,Junior,7591
Financial Analyst,Male,31,3,PhD,Engineering,1,79142,5445,Junior,7592
Graphic Designer,Male,60,4,Masters,Engineering,1,97240,5412,Junior,7593
Driver,Male,24,2,College,Engineering,3,81301,5713,medium,7594
Software Engineer,Male,23,1,PhD,Management,2,79462,4673,Junior,7595
Data Scientist,Male,30,2,College,Operations,3,72497,6452,medium,7596
Graphic Designer,Male,50,3,Masters,Management,1,84803,5406,Junior,7597
Warehouse Associate,Male,56,3,Masters,Administration,2,79274,4618,Junior,7598
IT,Male,20,2,PhD,Management,1,49622,5452,Junior,7599
Sales Associate,Male,62,3,College,Management,3,129620,5608,medium,7600
Software Engineer,Male,36,2,High School,Administration,4,87848,5166,medium,7601
Driver,Male,24,2,College,Management,3,51906,6274,medium,7602
Financial Analyst,Male,24,2,PhD,Engineering,3,71590,5845,medium,7603
Warehouse Associate,Male,19,2,High School,Sales,2,63928,4998,Junior,7604
Driver,Male,44,4,High School,Administration,4,83333,7113,medium,7605
Marketing Associate,Male,49,3,High School,Administration,4,92797,5405,medium,7606
Financial Analyst,Male,36,3,PhD,Operations,1,93067,5103,Junior,7607
Graphic Designer,Male,22,2,High School,Sales,3,72422,5697,medium,7608
Driver,Male,59,3,College,Operations,3,120159,4265,medium,7609
Financial Analyst,Male,58,4,Masters,Operations,3,104744,6425,medium,7610
Driver,Male,41,2,Masters,Administration,4,95795,4898,medium,7611
Manager,Male,22,1,College,Management,2,103156,6277,Junior,7612
Driver,Male,35,2,High School,Administration,5,92760,4826,medium,7613
Data Scientist,Male,62,4,College,Operations,3,93742,6580,medium,7614
Sales Associate,Male,50,2,Masters,Engineering,5,124470,5454,medium,7615
Software Engineer,Male,51,2,Masters,Engineering,3,132323,4872,medium,7616
Sales Associate,Male,22,1,High School,Sales,4,70595,5234,medium,7617
Software Engineer,Male,32,2,College,Operations,1,71278,4701,Junior,7618
Data Scientist,Male,33,2,High School,Engineering,2,53855,4980,Junior,7619
IT,Male,35,1,College,Management,4,98423,3879,medium,7620
Software Engineer,Male,47,2,Masters,Operations,4,126239,5396,medium,7621
Sales Associate,Male,53,2,Masters,Management,5,101133,4700,medium,7622
Warehouse Associate,Male,23,1,High School,Administration,4,92516,5866,medium,7623
Data Scientist,Male,49,3,College,Administration,3,93320,7236,medium,7624
IT,Male,33,2,Masters,Engineering,5,106584,5426,medium,7625
Warehouse Associate,Male,50,3,Masters,Administration,1,90612,5913,Junior,7626
Financial Analyst,Male,31,2,PhD,Administration,3,82790,5826,medium,7627
Financial Analyst,Male,38,3,Masters,Administration,1,84628,5680,Junior,7628
Marketing Associate,Male,42,2,Masters,Management,5,110636,5239,medium,7629
Manager,Male,38,2,Masters,Management,3,135106,5066,medium,7630
Graphic Designer,Male,54,3,High School,Management,3,100160,5562,medium,7631
Manager,Male,48,2,PhD,Engineering,4,157169,5798,medium,7632
Driver,Male,40,3,High School,Sales,2,88230,5512,Junior,7633
Data Scientist,Male,44,3,High School,Sales,1,83674,4854,Junior,7634
IT,Male,62,3,Masters,Engineering,4,118314,4892,medium,7635
Software Engineer,Male,50,3,PhD,Sales,1,119522,4650,Junior,7636
Sales Associate,Male,40,2,High School,Administration,3,84592,4635,medium,7637
Sales Associate,Male,64,3,PhD,Sales,2,121589,5133,Junior,7638
Warehouse Associate,Male,24,1,College,Engineering,3,71371,5220,medium,7639
Data Scientist,Male,59,4,Masters,Sales,1,96582,6350,Junior,7640
Data Scientist,Male,62,3,PhD,Sales,3,108778,4357,medium,7641
Driver,Male,63,3,PhD,Management,4,128520,6151,medium,7642
Driver,Male,31,2,High School,Administration,4,62753,5735,medium,7643
Software Engineer,Male,32,1,College,Engineering,5,128680,4677,medium,7644
Manager,Male,55,2,College,Management,5,152710,6107,medium,7645
Software Engineer,Male,36,1,High School,Operations,5,109136,4572,medium,7646
IT,Male,33,2,Masters,Sales,1,84878,5009,Junior,7647
Software Engineer,Male,36,2,Masters,Administration,2,94745,5930,Junior,7648
Sales Associate,Male,46,2,College,Management,2,95505,4549,Junior,7649
Software Engineer,Male,25,1,High School,Engineering,4,103181,4566,medium,7650
Software Engineer,Male,40,2,Masters,Sales,1,120096,4690,Junior,7651
Sales Associate,Male,51,3,High School,Management,2,98499,6274,Junior,7652
Manager,Male,56,2,PhD,Administration,4,152081,4621,medium,7653
Manager,Male,36,2,Masters,Sales,3,134450,5214,medium,7654
Manager,Male,37,2,PhD,Operations,1,100819,5390,Junior,7655
Software Engineer,Male,64,2,PhD,Sales,5,157277,4844,medium,7656
Driver,Male,20,2,High School,Sales,2,68175,5698,Junior,7657
Software Engineer,Male,65,3,High School,Sales,2,122624,4165,Junior,7658
Graphic Designer,Male,45,2,Masters,Management,2,101273,3817,Junior,7659
Sales Associate,Male,18,1,Masters,Administration,3,59334,5729,medium,7660
Manager,Male,43,1,PhD,Management,4,152625,4702,medium,7661
Data Scientist,Male,26,1,Masters,Operations,3,90526,4191,medium,7662
Manager,Male,59,3,College,Engineering,3,133910,5795,medium,7663
Data Scientist,Male,41,1,College,Operations,5,77839,4458,medium,7664
Driver,Male,21,1,High School,Sales,2,61018,5513,Junior,7665
Driver,Male,54,3,PhD,Sales,2,118093,4115,Junior,7666
Software Engineer,Male,31,1,College,Operations,4,106503,5225,medium,7667
Financial Analyst,Male,55,3,College,Operations,1,84683,4476,Junior,7668
Software Engineer,Male,22,1,College,Sales,1,67913,4045,Junior,7669
Manager,Male,47,1,Masters,Engineering,4,155826,4964,medium,7670
Software Engineer,Male,62,2,PhD,Engineering,3,138184,4664,medium,7671
Sales Associate,Male,60,3,High School,Administration,3,106798,5201,medium,7672
Warehouse Associate,Male,37,2,Masters,Administration,1,82343,5232,Junior,7673
Sales Associate,Male,26,2,High School,Sales,2,78625,4073,Junior,7674
Financial Analyst,Male,27,2,PhD,Administration,4,99134,6255,medium,7675
Graphic Designer,Male,44,1,Masters,Engineering,5,107818,5281,medium,7676
Manager,Male,21,1,College,Management,2,114621,3927,Junior,7677
Data Scientist,Male,45,1,Masters,Operations,3,104290,3474,medium,7678
Financial Analyst,Male,65,4,Masters,Sales,1,111403,5078,Junior,7679
IT,Male,52,2,College,Administration,5,93802,5404,medium,7680
Manager,Male,30,1,High School,Sales,5,138163,3415,medium,7681
Financial Analyst,Male,50,2,Masters,Operations,3,115613,3881,medium,7682
Warehouse Associate,Male,25,1,College,Operations,1,64994,4310,Junior,7683
Driver,Male,53,3,PhD,Sales,2,100941,5992,Junior,7684
Manager,Male,55,1,High School,Management,5,163208,4095,medium,7685
Sales Associate,Male,24,1,PhD,Operations,2,51837,4472,Junior,7686
Graphic Designer,Male,56,2,Masters,Management,4,114048,5097,medium,7687
Software Engineer,Male,64,2,PhD,Engineering,4,139068,4126,medium,7688
Sales Associate,Male,63,2,Masters,Engineering,3,136209,3910,medium,7689
Software Engineer,Male,55,2,PhD,Management,3,121910,4494,medium,7690
Graphic Designer,Male,43,2,PhD,Management,2,82057,5268,Junior,7691
Sales Associate,Male,51,2,High School,Engineering,1,96023,4148,Junior,7692
Software Engineer,Male,49,3,Masters,Administration,1,82277,5460,Junior,7693
Graphic Designer,Male,29,1,Masters,Operations,3,73142,4712,medium,7694
Graphic Designer,Male,53,2,High School,Operations,4,107065,3652,medium,7695
Sales Associate,Male,64,2,High School,Management,3,120579,4687,medium,7696
Sales Associate,Male,36,2,High School,Management,1,49553,5784,Junior,7697
Driver,Male,58,2,College,Sales,4,110157,4275,medium,7698
Marketing Associate,Male,47,2,PhD,Sales,3,93054,4243,medium,7699
Software Engineer,Male,45,2,High School,Management,1,81515,5001,Junior,7700
Driver,Male,55,2,Masters,Operations,3,95898,4309,medium,7701
Warehouse Associate,Male,42,2,PhD,Operations,3,90000,4774,medium,7702
Manager,Male,60,3,High School,Management,2,111896,5597,Junior,7703
Driver,Male,53,1,Masters,Engineering,5,130082,4734,medium,7704
Software Engineer,Male,25,1,High School,Administration,4,81057,5259,medium,7705
Data Scientist,Male,41,1,High School,Management,5,117215,4322,medium,7706
Financial Analyst,Male,64,1,PhD,Operations,5,141186,3415,medium,7707
Manager,Male,52,2,High School,Operations,2,114943,3438,Junior,7708
Data Scientist,Male,43,1,PhD,Administration,4,107640,3896,medium,7709
Manager,Male,31,2,College,Operations,1,80259,4791,Junior,7710
Data Scientist,Male,20,1,High School,Operations,2,61589,3990,Junior,7711
Warehouse Associate,Male,35,1,High School,Administration,2,74829,4263,Junior,7712
Sales Associate,Male,49,2,High School,Operations,3,91342,4516,medium,7713
Sales Associate,Male,49,2,Masters,Operations,2,101140,4851,Junior,7714
Marketing Associate,Male,51,2,PhD,Sales,1,62600,4300,Junior,7715
Software Engineer,Male,21,1,High School,Engineering,2,65313,4685,Junior,7716
Manager,Male,41,1,College,Administration,5,123153,4111,medium,7717
IT,Male,27,1,High School,Management,3,57500,3665,medium,7718
Manager,Male,37,1,PhD,Administration,3,115604,4098,medium,7719
Software Engineer,Male,18,1,High School,Sales,1,55555,4390,Junior,7720
Data Scientist,Male,58,1,PhD,Engineering,5,124166,3875,medium,7721
IT,Male,50,2,Masters,Management,3,101050,3879,medium,7722
Software Engineer,Male,59,1,College,Sales,5,160460,2930,medium,7723
Financial Analyst,Male,45,2,High School,Administration,2,85947,3909,Junior,7724
Graphic Designer,Male,59,1,PhD,Sales,4,135512,3955,medium,7725
Financial Analyst,Male,64,3,High School,Administration,3,124151,3392,medium,7726
Manager,Male,36,1,High School,Operations,2,115742,3661,Junior,7727
IT,Male,31,1,Masters,Sales,2,93358,3223,Junior,7728
IT,Male,59,3,Masters,Sales,2,98995,4596,Junior,7729
IT,Male,57,3,High School,Sales,3,109645,5472,medium,7730
Financial Analyst,Male,39,2,College,Sales,1,61609,3738,Junior,7731
Data Scientist,Male,61,1,Masters,Administration,5,122352,3590,medium,7732
Software Engineer,Male,29,1,High School,Sales,1,86650,3518,Junior,7733
Data Scientist,Male,62,3,High School,Operations,2,101284,4993,Junior,7734
Manager,Male,41,1,Masters,Sales,2,119794,3712,Junior,7735
Graphic Designer,Male,58,2,Masters,Operations,1,96609,3044,Junior,7736
Financial Analyst,Male,29,1,Masters,Operations,2,84725,3274,Junior,7737
Driver,Male,33,1,High School,Management,1,59493,3955,Junior,7738
Manager,Male,60,2,College,Sales,1,131980,3841,Junior,7739
Data Scientist,Male,37,1,PhD,Administration,2,78836,3588,Junior,7740
Driver,Male,64,2,Masters,Operations,2,112719,3382,Junior,7741
Driver,Male,55,2,College,Administration,2,103328,4543,Junior,7742
Financial Analyst,Male,47,2,High School,Management,1,68643,4674,Junior,7743
Sales Associate,Male,45,2,High School,Engineering,1,67296,4780,Junior,7744
Driver,Male,65,1,High School,Operations,5,116803,3431,medium,7745
Software Engineer,Male,36,1,Masters,Operations,1,86375,3368,Junior,7746
IT,Male,31,1,College,Operations,1,49449,4149,Junior,7747
Software Engineer,Male,51,1,College,Management,2,118282,3599,Junior,7748
IT,Male,50,1,College,Operations,3,85648,2728,medium,7749
Manager,Male,58,1,PhD,Management,4,179726,4284,medium,7750
Financial Analyst,Male,43,1,PhD,Sales,4,108719,4143,medium,7751
IT,Male,36,1,High School,Sales,4,109832,3528,medium,7752
Software Engineer,Male,60,1,PhD,Administration,4,127250,4263,medium,7753
Software Engineer,Male,37,1,High School,Sales,1,81547,3510,Junior,7754
Data Scientist,Male,56,1,Masters,Administration,2,95798,2530,Junior,7755
Manager,Male,59,2,PhD,Administration,1,124782,4618,Junior,7756
Warehouse Associate,Male,53,1,College,Operations,4,126256,3463,medium,7757
Software Engineer,Male,62,1,High School,Sales,3,124660,2200,medium,7758
Data Scientist,Male,65,2,Masters,Sales,2,128730,3247,Junior,7759
Manager,Male,61,2,College,Sales,1,136836,4070,Junior,7760
IT,Male,51,1,High School,Engineering,3,89272,2600,medium,7761
Software Engineer,Male,36,1,Masters,Operations,6,93855,4099,senior,7762
Graphic Designer,Male,30,1,College,Operations,2,36642,4388,Junior,7763
Sales Associate,Male,60,1,College,Operations,3,112604,3366,medium,7764
Data Scientist,Male,62,1,PhD,Administration,3,123333,3353,medium,7765
IT,Male,62,1,PhD,Management,2,105771,2978,Junior,7766
Financial Analyst,Male,39,1,College,Engineering,4,99643,3789,medium,7767
Sales Associate,Male,54,1,College,Administration,3,92468,3242,medium,7768
IT,Male,55,2,Masters,Operations,1,91447,3196,Junior,7769
Warehouse Associate,Male,34,1,Masters,Operations,1,45915,4765,Junior,7770
Sales Associate,Male,57,1,PhD,Administration,5,113031,3409,medium,7771
Software Engineer,Male,62,1,High School,Sales,3,132815,3367,medium,7772
Manager,Male,52,1,High School,Management,1,110078,1703,Junior,7773
Data Scientist,Male,57,1,Masters,Sales,3,106918,3180,medium,7774
Software Engineer,Male,60,1,High School,Administration,3,106045,3079,medium,7775
Warehouse Associate,Male,65,1,High School,Operations,2,107479,2051,Junior,7776
Software Engineer,Male,64,1,Masters,Sales,1,109606,2193,Junior,7777
Sales Associate,Male,56,1,High School,Management,1,88195,2375,Junior,7778
IT,Male,64,1,Masters,Sales,1,92950,2125,Junior,7779
Sales Associate,Male,56,1,High School,Operations,1,82164,2611,Junior,7780
Software Engineer,Male,62,1,High School,Management,3,119069,2788,medium,7781
Manager,Male,55,1,High School,Administration,1,120574,2683,Junior,7782
Data Scientist,Male,54,1,College,Sales,2,97311,3083,Junior,7783
Sales Associate,Male,62,1,Masters,Administration,2,102593,1823,Junior,7784
Data Scientist,Male,57,1,Masters,Sales,2,108977,3567,Junior,7785
Financial Analyst,Male,48,1,High School,Operations,1,92347,2724,Junior,7786
Financial Analyst,Male,65,2,High School,Administration,1,97376,2225,Junior,7787
Financial Analyst,Male,60,1,PhD,Sales,2,123108,2244,Junior,7788
